house_id,category,overall_score,matching_score,segmentation_score,iterations,first_events,last_events,events_reduction,first_matching_rate,last_matching_rate,total_matches,non_m_matches,noisy_matches,partial_matches,segmentation_ratio,healthy_seg_ratio,total_power_kw,segmented_power_kw,negative_values,n_flags,has_damaged_phases,damaged_phases,n_healthy_phases
2004,DAMAGED,44.09636007912156,60.792477209102,5.138753442500538,2,27862,11059,0.6030794630679779,0.60792477209102,0.09711547156162402,8402,0,0,0,0.0835486665812702,0.05138753442500538,497670.863,41579.737,0,3,True,w1,2
4001,DAMAGED,44.53975207640624,62.406121581408534,2.8515565647342216,2,7057,2724,0.6140002834065467,0.6240612158140854,0.0631424375917768,2199,0,0,0,0.07972641474795487,0.028515565647342214,256558.42,20454.483,0,3,True,w3,2
2049,DAMAGED,44.947215666384366,59.97423396569581,9.884172967991011,2,79174,33121,0.5816682244171066,0.5997423396569581,0.055251954953050936,23730,0,0,0,0.13144412825610324,0.09884172967991012,2566445.04,337344.131,0,4,True,w3,2
5034,DAMAGED,47.70671071992417,66.66666666666666,3.4668135108583735,2,6663,2480,0.6277952874080744,0.6666666666666666,0.12338709677419354,2216,0,0,0,0.0504414851524571,0.034668135108583735,334281.91,16861.676,0,3,True,w1,2
4003,DAMAGED,50.30192304334963,71.65259348612787,0.48369201020042807,2,829,234,0.7177322074788902,0.7165259348612787,0.0,297,0,0,0,0.014509468736833729,0.004836920102004281,147189.538,2135.642,0,3,True,"w2,w3",1
5024,DAMAGED,50.689123103567084,71.70561909497762,1.650632456942511,2,2011,578,0.7125808055693685,0.7170561909497762,0.031141868512110725,718,0,0,0,0.021925884493582102,0.01650632456942511,350443.696,7683.788,0,3,True,w3,2
5033,DAMAGED,51.28059659366426,70.96983210412974,5.33904706924481,2,52473,15698,0.7008366207382845,0.7096983210412974,0.06281054911453689,18492,0,0,0,0.08027061183563722,0.053390470692448094,1243187.31,99791.406,0,3,True,w1,2
6042,DAMAGED,51.87855200381761,68.7193392439838,12.583381776763202,2,56057,19423,0.6535133881584816,0.687193392439838,0.1369510374298512,19228,0,0,0,0.18595302803976155,0.12583381776763203,1015359.669,188809.205,0,4,True,w1,2
5085,DAMAGED,52.65624837534434,72.48632218844985,6.386076144764834,2,8225,2312,0.7189057750759879,0.7248632218844985,0.02249134948096886,2981,0,0,0,0.09550464669095762,0.06386076144764834,273152.123,26087.297,0,3,True,w3,2
5013,DAMAGED,54.50838172290632,73.37888198757764,10.477214438673254,2,48300,13172,0.727287784679089,0.7337888198757764,0.04054054054054054,17721,0,0,0,0.18857140903525788,0.10477214438673255,933067.78,175949.906,0,3,True,w3,2
330,DAMAGED,55.58149062113498,75.63038685107236,8.800732751281126,2,24945,6401,0.743395470034075,0.7563038685107236,0.07967505077331667,9423,0,0,0,0.13233160793828813,0.08800732751281126,1414076.16,187126.972,0,4,True,w1,2
2078,DAMAGED,55.862552157164075,74.81311872853391,11.64456349063447,2,89094,23231,0.7392529238781511,0.7481311872853391,0.09762816925659679,33308,0,0,0,0.1652101938491667,0.1164456349063447,2179033.458,359998.54,0,3,True,w1,2
500,DAMAGED,56.96220614926921,80.08658008658008,3.0053336288771675,2,1386,290,0.7907647907647908,0.8008658008658008,0.04827586206896552,555,0,0,0,0.09016000886631503,0.030053336288771677,69629.829,6277.826,0,3,True,"w2,w3",1
2,DAMAGED,59.98790025752041,79.91393347290068,13.493822754966441,2,17196,3746,0.7821586415445452,0.7991393347290068,0.12920448478376936,6869,0,0,0,0.21255634169263968,0.13493822754966442,1215468.675,258355.575,0,4,True,w1,2
5075,DAMAGED,60.00719421489851,84.87880809428508,1.973428496329865,2,8994,1376,0.8470091171892373,0.8487880809428507,0.03488372093023256,3817,0,0,0,0.030379302696111693,0.01973428496329865,1161786.179,35294.254,0,3,True,w3,2
2087,DAMAGED,60.31189311448491,79.9439932791935,14.503659396831523,2,17855,3780,0.7882945953514422,0.799439932791935,0.13227513227513227,7125,0,0,0,0.23938853704584823,0.14503659396831522,586998.963,140520.823,0,4,True,w1,2
5022,DAMAGED,60.934949566998334,85.22267206477733,4.263597072180696,2,1976,288,0.854251012145749,0.8522267206477733,0.041666666666666664,842,0,0,0,0.06610083173772234,0.042635970721806964,84092.134,5558.56,0,3,True,w1,2
40,DAMAGED,61.279584210639385,82.23950679235816,12.373098186628944,2,27899,5681,0.7963726298433635,0.8223950679235815,0.1911635275479669,11469,0,0,0,0.3711921627122193,0.12373098186628945,717364.292,266280.003,0,2,True,"w2,w3",1
346,DAMAGED,61.96566671257403,79.70884255930984,20.564923070190464,2,11128,2329,0.7907081236520489,0.7970884255930984,0.0841562902533276,4435,0,0,0,0.3117806732021084,0.20564923070190463,404872.915,126231.55,0,3,True,w1,2
6055,DAMAGED,62.07080825537032,80.88219501718214,18.177572477809427,2,74496,14733,0.8022309922680413,0.8088219501718213,0.07561257042014526,30109,0,0,0,0.29754954846169257,0.18177572477809426,1509373.045,449113.268,0,4,True,w3,2
400,DAMAGED,62.11306208760254,80.64474399109984,18.87247097944218,2,38651,7447,0.8073271066725312,0.8064474399109984,0.15012756814824763,15458,0,0,0,0.2611847582563473,0.1887247097944218,329740.095,86123.087,0,3,True,w3,2
6011,DAMAGED,64.55066572163862,82.34912394548995,23.02092986598554,2,12328,2229,0.8191920830629461,0.8234912394548994,0.03768506056527591,5076,0,0,0,0.28672050405081145,0.2302092986598554,266458.216,76399.034,0,4,True,w2,2
2005,DAMAGED,66.1081578326587,85.6162424935659,20.589293623875278,2,6994,1033,0.8523019731198169,0.8561624249356591,0.05033881897386254,2990,0,0,0,0.2993668078238299,0.2058929362387528,319519.267,95653.463,0,3,True,w1,2
2012,DAMAGED,69.50982607759947,91.74688206244245,17.623362112965868,2,23894,2047,0.9143299573114589,0.9174688206244246,0.142647777234978,10947,0,0,0,0.5286881744812663,0.17623362112965868,142707.355,75447.691,0,2,True,"w1,w2",1
325,DAMAGED,70.27172025372447,88.12238827112402,28.620161546458846,2,28238,3522,0.8752744528649338,0.8812238827112402,0.1033503691084611,12438,0,0,0,0.473955441996366,0.28620161546458844,990808.214,469598.945,0,3,True,w1,2
5015,POOR,33.3952987251086,43.88583398795497,8.917383111800438,2,3819,2155,0.43571615606179626,0.43885833987954964,0.0064965197215777265,838,0,0,0,0.04204802741250479,0.08917383111800438,591041.21,24852.117,0,3,False,,3
264,POOR,37.238589546286406,52.578125,1.4463401542880188,2,2560,1222,0.52265625,0.52578125,0.006546644844517185,673,0,0,0,0.014782737437938091,0.014463401542880188,162913.94,2408.314,0,2,False,,3
6201,FAIR,41.95557244508958,59.01946985690828,2.1398118175126313,2,8526,3527,0.5863241848463523,0.5901946985690828,0.01417635384179189,2515,0,0,0,0.020684963169419767,0.021398118175126313,770015.971,15927.752,0,2,False,,3
2050,FAIR,42.68749853329969,57.88022499172825,7.2378034636330595,2,9067,3921,0.5675526635050182,0.5788022499172825,0.03519510328997705,2618,0,0,0,0.083701969892574,0.0723780346363306,764358.534,63978.315,0,2,False,,3
4006,FAIR,43.13959111656552,58.59851049424509,7.068779235313204,2,5908,2489,0.5787068381855112,0.5859851049424509,0.04098031337886701,1725,0,0,0,0.06489589318097738,0.07068779235313204,405425.316,26310.438,0,2,False,,3
263,FAIR,44.11977408129016,60.65711878685762,5.532636434966087,2,2374,958,0.5964616680707666,0.6065711878685762,0.03549060542797495,719,0,0,0,0.04209042202229108,0.05532636434966087,204110.498,8591.097,0,2,False,,3
6026,FAIR,44.211624956223964,57.07406558128869,14.19926349773962,2,17444,7738,0.556409080486127,0.5707406558128869,0.07314551563711554,4976,0,0,0,0.23237081482673722,0.1419926349773962,698255.769,162254.262,0,3,False,,3
6060,FAIR,44.325279878403165,60.08328375966686,7.556604155454553,2,5043,2090,0.5855641483244101,0.6008328375966686,0.04784688995215311,1514,0,0,0,0.07662211529168932,0.07556604155454553,213589.966,16365.715,0,2,False,,3
307,FAIR,45.70902310481047,58.229863100923275,16.49372978054727,2,6282,2646,0.5787965616045845,0.5822986310092327,0.034013605442176874,1829,0,0,0,0.15654111677075855,0.1649372978054727,500751.059,78388.13,0,3,False,,3
6228,FAIR,46.204645491924566,64.78737501505843,2.8449432712788925,2,8301,3079,0.6290808336345018,0.6478737501505842,0.09223773952582007,2679,0,0,0,0.03347300730665749,0.028449432712788925,463850.674,15526.477,0,2,False,,3
2101,FAIR,46.9482065329057,64.68674572358066,5.558281754664146,2,9529,3412,0.6419351453457866,0.6468674572358065,0.023446658851113716,3080,0,0,0,0.057894324534038664,0.05558281754664146,513285.08,29716.293,0,2,False,,3
3022,FAIR,47.347399671455925,62.60783627416665,11.739714265130903,2,48569,18679,0.6154131235973563,0.6260783627416665,0.05053803736816746,15195,0,0,0,0.11903378737981374,0.11739714265130903,1874599.195,223140.642,0,3,False,,3
5008,FAIR,47.53034881714809,65.2241112828439,6.244903063857882,2,2588,902,0.651468315301391,0.652241112828439,0.017738359201773836,844,0,0,0,0.07426798704367013,0.062449030638578824,476796.752,35410.735,0,2,False,,3
2092,FAIR,47.61579772268197,61.40472277484646,15.441639267631501,2,23122,9166,0.6035810051033648,0.6140472277484647,0.042548548985380755,7099,0,0,0,0.1805429674419982,0.15441639267631502,1956228.16,353183.237,0,3,False,,3
1001,FAIR,47.954518465924494,64.61560631169392,9.078646825795843,2,41637,15072,0.6380142661575041,0.6461560631169393,0.07484076433121019,13407,0,0,0,0.08445637306925685,0.09078646825795843,1372179.408,115889.296,0,2,False,,3
10,FAIR,48.22329139178881,65.29586776859504,8.387279845907614,2,15125,5331,0.6475371900826447,0.6529586776859504,0.024010504595760644,4932,0,0,0,0.08318217588480058,0.08387279845907614,2419196.034,201233.99,0,3,False,,3
2022,FAIR,48.249453647890014,65.25573192239858,8.568137674036697,2,14742,5202,0.647130647130647,0.6525573192239859,0.02422145328719723,4804,0,0,0,0.08530434689871472,0.08568137674036697,2302250.813,196392.002,0,3,False,,3
2042,FAIR,48.340705372920276,65.36525223466558,8.616762695514586,2,9733,3455,0.6450220897975958,0.6536525223466557,0.035311143270622285,3180,0,0,0,0.0874592446349831,0.08616762695514586,580895.607,50804.691,0,2,False,,3
6015,FAIR,48.405023579461016,61.13989637305699,18.69032039440375,2,8106,3254,0.5985689612632618,0.6113989637305699,0.041180086047940996,2477,0,0,0,0.24363379398990923,0.18690320394403748,343348.259,83651.239,0,3,False,,3
258,FAIR,48.69122050289562,67.36882604722744,5.110140899454697,2,20793,7020,0.6623863800317414,0.6736882604722744,0.06267806267806268,6998,0,0,0,0.044965655000715636,0.05110140899454697,1150634.323,51739.026,0,2,False,,3
5012,FAIR,49.75337163261413,65.151562745406,13.824259036099807,2,63670,22649,0.6442751688393278,0.65151562745406,0.046094750320102434,20713,0,0,0,0.1509184584897748,0.13824259036099806,3734658.276,563628.87,0,3,False,,3
125,FAIR,49.916568192124096,59.75016550096422,26.97150780483048,2,138972,57446,0.5866361569236969,0.5975016550096423,0.05560004177836577,41508,0,0,0,0.2619699971569846,0.2697150780483048,3695899.75,968214.847,0,3,False,,3
5035,FAIR,50.29857795266847,70.016713091922,4.289595961076898,2,8975,2786,0.6895821727019499,0.70016713091922,0.10122038765254845,3142,0,0,0,0.0559286392361726,0.04289595961076898,1121354.477,62715.83,0,2,False,,3
6052,FAIR,50.39321005198955,68.41908744679263,8.332829464115694,2,53564,17456,0.6741094765140766,0.6841908744679263,0.05247479376718607,18318,0,0,0,0.11401784855165654,0.08332829464115693,1689727.244,192659.065,0,3,False,,3
6040,FAIR,50.542255011971235,68.15023565424421,9.45696684666763,2,20581,6668,0.6760118555949662,0.6815023565424421,0.052189562087582485,7003,0,0,0,0.09081760744676583,0.09456966846667629,1184044.108,107532.053,0,3,False,,3
2100,FAIR,50.66277457312937,64.8867991369038,17.473383924322352,2,31051,11071,0.6434575375994331,0.648867991369038,0.02980760545569506,10072,0,0,0,0.12241625230792907,0.17473383924322353,1317513.949,161285.12,0,3,False,,3
6216,FAIR,50.894910811439104,70.84560370214557,4.343294066457367,2,2377,710,0.7013041649137568,0.7084560370214557,0.04507042253521127,842,0,0,0,0.04585832228084297,0.04343294066457367,122747.6,5628.999,0,2,False,,3
6208,FAIR,50.951877278742145,70.49113511310374,5.3602756652317725,2,19628,5886,0.7001222743020175,0.7049113511310373,0.03431872239211689,6900,0,0,0,0.05215219269250148,0.05360275665231772,823058.203,42924.29,0,2,False,,3
5079,FAIR,51.112649911648866,69.02579699423232,9.315306718954146,2,72993,23765,0.674420834874577,0.6902579699423232,0.08112770881548495,25147,0,0,0,0.08659935281492831,0.09315306718954146,3692149.44,319737.752,0,2,False,,3
5014,FAIR,51.561289502060596,70.86696172871648,6.514720973196887,2,3841,1135,0.704504035407446,0.7086696172871648,0.06343612334801763,1359,0,0,0,0.0779049595002053,0.06514720973196887,316086.911,24624.738,0,2,False,,3
5078,FAIR,51.580357707452386,68.74858905861991,11.521151221394831,2,13289,4296,0.6767251109940553,0.6874858905861991,0.04236499068901303,4567,0,0,0,0.15099312998587275,0.1152115122139483,879136.329,132743.546,0,2,False,,3
6050,FAIR,51.683585730113464,70.88322751747971,6.884421559592237,2,49772,15093,0.696757212890782,0.7088322751747971,0.069568674219837,17525,0,0,0,0.06707267248872836,0.06884421559592237,2262376.917,151743.666,0,2,False,,3
5040,FAIR,52.17385620180016,69.42180765086206,11.928636153989059,2,118784,38052,0.6796538254310345,0.6942180765086207,0.0817828235046778,41207,0,0,0,0.1504432275297367,0.11928636153989058,4038620.302,607583.073,0,3,False,,3
2039,FAIR,52.54828525128008,72.31747254864189,6.420181557435843,2,5191,1480,0.7148911577730688,0.7231747254864188,0.051351351351351354,1877,0,0,0,0.07043820403903142,0.06420181557435843,533448.141,37575.129,0,3,False,,3
6204,FAIR,52.61237479184108,71.32195247490777,8.956693531352116,2,11657,3452,0.7038689199622544,0.7132195247490778,0.054461181923522596,4156,0,0,0,0.11321264250474014,0.08956693531352115,715463.92,80999.561,0,3,False,,3
6215,FAIR,52.79233732753451,66.40502354788069,21.029402813393443,2,19110,6634,0.6528519099947672,0.6640502354788069,0.10220078384082001,6323,0,0,0,0.19064574735128975,0.2102940281339344,593795.978,113204.678,0,2,False,,3
348,FAIR,53.13968460575778,72.23725179929559,8.57869448750287,2,39182,11335,0.7107089990301669,0.722372517992956,0.07798853109836788,14132,0,0,0,0.08874114436016983,0.0857869448750287,1863387.521,165359.141,0,3,False,,3
2073,FAIR,53.196439650575215,70.44754037726544,12.94387128829804,2,8111,2439,0.6992972506472692,0.7044754037726544,0.04920049200492005,2853,0,0,0,0.13555954931276848,0.1294387128829804,601225.553,81501.865,0,2,False,,3
153,FAIR,53.25234441757693,73.25919743757471,6.569687370915428,2,44333,12175,0.7253738749915413,0.7325919743757472,0.06472279260780288,16227,0,0,0,0.06872839806357896,0.06569687370915428,2639927.106,181437.961,0,3,False,,3
302,FAIR,53.25594436848176,71.32310083543813,11.099245945583586,2,10294,3047,0.7040023314552166,0.7132310083543812,0.06432556613062028,3658,0,0,0,0.1539542893551796,0.11099245945583587,581709.58,89556.685,0,3,False,,3
5083,FAIR,53.490335284324544,73.23844045619309,7.4114232166312775,2,11311,3104,0.7255768720714348,0.7323844045619309,0.04639175257731959,4140,0,0,0,0.07311174516659427,0.07411423216631277,849208.193,62087.093,0,3,False,,3
6227,FAIR,53.69948355897795,74.30959302325581,5.60922814232963,2,16512,4427,0.7318919573643411,0.7430959302325582,0.12243053986898576,6132,0,0,0,0.10366937719156955,0.0560922814232963,546379.534,56642.826,0,2,False,,3
5011,FAIR,53.70411973644162,70.33962505735107,14.887940654319584,2,187442,58346,0.68872504561411,0.7033962505735107,0.08480444246392212,65837,0,0,0,0.19456252600567353,0.14887940654319584,3104952.266,604107.356,0,3,False,,3
6078,FAIR,54.07660104901874,73.11297784270756,9.65838853041149,2,32856,8920,0.7285122960798637,0.7311297784270757,0.04484304932735426,12008,0,0,0,0.09060192653249038,0.0965838853041149,2033720.386,184258.985,0,3,False,,3
2069,FAIR,54.114433086414195,73.50371064562701,8.872785448250971,2,39481,10676,0.7295914490514425,0.7350371064562701,0.04065192956163357,14508,0,0,0,0.10278158889133844,0.08872785448250971,2039674.345,209640.97,0,3,False,,3
2065,FAIR,54.33604848994873,75.06423065943477,5.97029009448131,2,14012,3570,0.7452183842420782,0.7506423065943477,0.03753501400560224,5245,0,0,0,0.05910473725256522,0.0597029009448131,877670.072,51874.459,0,2,False,,3
5017,FAIR,54.34026058390385,72.12210566510039,12.8492887277786,2,94279,28815,0.6943645986911189,0.7212210566510039,0.14561860142287003,33967,0,0,0,0.12884560083895188,0.128492887277786,2505534.903,322827.15,0,2,False,,3
317,FAIR,54.57502717213583,73.34895816611552,10.769188186183255,2,62294,17060,0.7261373487013196,0.7334895816611552,0.053106682297772566,22796,0,0,0,0.10865520907518224,0.10769188186183255,1856991.733,201771.825,0,3,False,,3
6064,FAIR,54.97673628211459,70.17366788456233,19.51722920973651,2,148617,49214,0.6688534958988541,0.7017366788456233,0.1325232657373918,52078,0,0,0,0.19885294894710273,0.19517229209736509,2725079.23,541890.041,0,3,False,,3
403,FAIR,55.02728832910704,75.69822952298613,6.795092210055829,2,26603,6528,0.7546141412622637,0.7569822952298613,0.041666666666666664,10065,0,0,0,0.06759396055453112,0.0679509221005583,1275170.848,86193.848,0,2,False,,3
5029,FAIR,55.11859860408693,72.39201818641071,14.813952911998104,2,7918,2217,0.7200050517807527,0.7239201818641071,0.02616147947677041,2864,0,0,0,0.15888185660140441,0.14813952911998104,404944.733,64338.371,0,3,False,,3
221,FAIR,55.23160442325779,75.20520594542631,8.626534204864585,2,13523,3454,0.7445833025216297,0.7520520594542631,0.06832657788071801,5084,0,0,0,0.0870886195703858,0.08626534204864585,942561.306,82086.363,0,3,False,,3
2077,FAIR,55.35113262754897,76.87517814466443,5.128359754279577,2,45609,11122,0.7561446205792717,0.7687517814466444,0.09386800935083618,17510,0,0,0,0.04897575995598672,0.051283597542795774,1619113.273,79297.303,0,2,False,,3
5025,FAIR,55.44289801168251,76.38627922219796,6.5750085204798125,2,45770,11167,0.7560192265676207,0.7638627922219795,0.0737888421241157,17469,0,0,0,0.06665491164931571,0.06575008520479812,1988762.129,132560.764,0,2,False,,3
6041,FAIR,55.55153862139668,72.07378529999049,16.999629704677808,2,10517,3039,0.711039269753732,0.7207378529999049,0.117143797301744,3790,0,0,0,0.13103148546745771,0.16999629704677807,227522.682,29812.635,0,2,False,,3
5021,FAIR,55.68270358790696,71.49413966315375,18.789352745664477,2,50765,14987,0.7047769132276174,0.7149413966315374,0.0615199839861213,18125,0,0,0,0.18084505154244393,0.18789352745664475,1183063.032,213951.095,0,3,False,,3
2067,FAIR,56.135019506200415,74.35459782376786,13.622670098543052,2,28122,7458,0.734798378493706,0.7435459782376787,0.09412711182622686,10452,0,0,0,0.15026645192910307,0.13622670098543052,1910922.926,287147.608,0,3,False,,3
2008,FAIR,56.415293106043,74.68203861286486,13.792886923458694,2,10929,2832,0.7408729069448257,0.7468203861286485,0.09322033898305085,4078,0,0,0,0.15365605600047147,0.13792886923458694,418001.338,64228.437,0,3,False,,3
315,FAIR,56.466189171647805,72.7648045413495,18.43608664234385,2,7751,2188,0.7177138433750484,0.727648045413495,0.06581352833638025,2813,0,0,0,0.23454896522227806,0.1843608664234385,364145.789,85410.018,0,3,False,,3
5094,FAIR,56.50587136130644,73.7657078196653,16.23291962513579,2,16791,4531,0.730153058185933,0.7376570781966529,0.06444493489295962,6193,0,0,0,0.19081795955599323,0.1623291962513579,952054.138,181669.028,0,3,False,,3
6021,FAIR,56.571353027342624,74.37527989252128,15.028857008592453,2,33495,8896,0.7344081206150171,0.7437527989252127,0.0764388489208633,12452,0,0,0,0.19007521717502124,0.15028857008592453,1551052.801,294816.698,0,3,False,,3
6008,FAIR,56.66163355432748,74.68937353375618,14.596906935660522,2,11509,3016,0.7379442175688591,0.7468937353375619,0.0636604774535809,4294,0,0,0,0.12765354669363851,0.14596906935660522,617160.847,78782.771,0,3,False,,3
2037,FAIR,56.8199300668216,77.42910480931639,8.731855667667094,2,11249,2595,0.7693128278069161,0.7742910480931638,0.047013487475915224,4354,0,0,0,0.08874874501271487,0.08731855667667095,690936.283,61319.728,0,2,False,,3
2110,FAIR,57.0769193280347,75.22131702008764,14.739991379911174,2,34001,8687,0.7445075144848681,0.7522131702008764,0.05962933118452861,12784,0,0,0,0.167239253010147,0.14739991379911174,1010580.046,169008.652,0,3,False,,3
6206,FAIR,57.0891804726372,73.90603311694684,17.849857635914727,2,71323,19247,0.7301431515780323,0.7390603311694685,0.08458461058866316,26346,0,0,0,0.19499353576257014,0.17849857635914726,2507929.23,489029.988,0,3,False,,3
253,FAIR,57.26744246245441,74.83006306937632,16.28799437963661,2,114160,29761,0.7393044849334267,0.7483006306937632,0.079029602499916,42578,0,0,0,0.17143935140080827,0.1628799437963661,2635265.202,451788.157,0,2,False,,3
42,FAIR,57.53093424824085,75.81269632551684,14.873489401263559,2,13689,3458,0.7473884140550807,0.7581269632551684,0.07518796992481203,5188,0,0,0,0.16488451372450585,0.1487348940126356,801130.737,132094.052,0,2,False,,3
5030,FAIR,57.86005219944836,75.12513601741023,17.57485662420404,2,13785,3533,0.7437069278200943,0.7512513601741023,0.06396829889612228,5174,0,0,0,0.2417841958897788,0.17574856624204038,764399.25,184819.658,0,2,False,,3
2036,FAIR,58.00737741072907,80.4502994011976,5.640559432969186,2,20875,4209,0.7983712574850299,0.804502994011976,0.07270135424091233,8390,0,0,0,0.06580730558812468,0.05640559432969187,990555.295,65185.775,0,2,False,,3
6016,FAIR,58.16105553598463,72.76773296244784,24.078808207570486,2,43140,12281,0.7153222067686602,0.7276773296244784,0.06970116440029314,15694,0,0,0,0.23887354727911642,0.24078808207570487,1208809.118,288752.522,0,3,False,,3
332,FAIR,58.17292347279613,79.05330520896644,9.452032755065435,2,27971,6013,0.7850273497551035,0.7905330520896643,0.08381839348079162,11034,0,0,0,0.08973692571709427,0.09452032755065436,1862283.666,167115.611,0,3,False,,3
33,FAIR,58.386417132655794,74.51215491142352,20.759695648864458,2,66722,17679,0.7350349210155571,0.7451215491142352,0.06844278522540868,24848,0,0,0,0.19770653787229547,0.2075969564886446,2671502.671,528173.544,0,3,False,,3
2106,FAIR,58.39537820850238,80.54717360692014,6.707855612194284,2,9942,1980,0.8008449004224503,0.8054717360692014,0.08484848484848485,4004,0,0,0,0.07069434738684884,0.06707855612194284,1061493.143,75041.565,0,2,False,,3
2002,FAIR,58.55619853103761,76.39085894405044,16.941990900674366,2,12690,3106,0.7552403467297084,0.7639085894405043,0.056020605280103025,4843,0,0,0,0.20443896573579887,0.16941990900674367,306008.039,62559.967,0,3,False,,3
2032,FAIR,58.55619853103761,76.39085894405044,16.941990900674366,2,12690,3106,0.7552403467297084,0.7639085894405043,0.056020605280103025,4843,0,0,0,0.20443896573579887,0.16941990900674367,306008.039,62559.967,0,3,False,,3
347,FAIR,58.57474261039704,75.5952806578477,18.860153833012188,2,55940,14070,0.7484805148373257,0.755952806578477,0.060127931769722816,21137,0,0,0,0.18797759206608544,0.18860153833012186,1857894.269,349242.491,0,3,False,,3
6061,FAIR,58.58999650149371,74.54558165548099,21.360297808856746,2,28608,7489,0.7382200782997763,0.7454558165548099,0.04246227800774469,10660,0,0,0,0.24005791291442952,0.21360297808856746,764370.442,183493.173,0,3,False,,3
2088,FAIR,58.59111937126597,79.61287607826635,9.540353721598409,2,14259,2980,0.7910091871800267,0.7961287607826636,0.05570469798657718,5676,0,0,0,0.1078205820212003,0.09540353721598409,1402455.683,151213.588,0,3,False,,3
2018,FAIR,58.675596610100335,79.1507981524998,10.900126344501587,2,12341,2601,0.7892391216270966,0.791507981524998,0.10149942329873125,4874,0,0,0,0.12426808447476055,0.10900126344501586,518219.64,64398.162,0,3,False,,3
2013,FAIR,58.691399144410056,74.73309608540926,21.26077294874528,2,9273,2353,0.7462525611991804,0.7473309608540926,0.013599660008499787,3465,0,0,0,0.19175181901046892,0.2126077294874528,369296.94,70813.36,0,2,False,,3
6054,FAIR,58.714115772853226,75.1016302753447,20.47658193370647,2,23861,6093,0.7446460751854491,0.751016302753447,0.053832266535368455,8960,0,0,0,0.20463904913498263,0.2047658193370647,632978.508,129532.12,0,2,False,,3
6005,FAIR,59.115331768116114,73.1264532284028,26.422715027447207,2,22364,6277,0.7193257020211054,0.7312645322840279,0.09112633423610005,8177,0,0,0,0.4534136254759105,0.2642271502744721,534141.93,242187.229,0,2,False,,3
5016,FAIR,59.25216070543241,78.25216580954681,14.918815462498811,2,28973,6408,0.7788285645255928,0.7825216580954681,0.039950062421972535,11334,0,0,0,0.17276684413733132,0.1491881546249881,1669260.479,288392.865,0,3,False,,3
2097,FAIR,59.285303646035004,79.31562819203268,12.547879705373782,2,23496,4941,0.789708886618999,0.7931562819203268,0.022262699858328273,9313,0,0,0,0.13058598905378618,0.12547879705373782,446496.668,58306.209,0,2,False,,3
2029,FAIR,59.57096089626337,75.72254335260115,21.883935164808587,2,9688,2417,0.7505161023947151,0.7572254335260116,0.07116259826230864,3663,0,0,0,0.22113537220177007,0.21883935164808588,244059.331,53970.151,0,2,False,,3
254,GOOD,60.041522324164646,76.81943482170497,20.893059829903883,2,135674,32997,0.7567920161563748,0.7681943482170497,0.10291844713155741,52083,0,0,0,0.21858256701149786,0.20893059829903882,2777106.369,607027.039,0,3,False,,3
5047,GOOD,60.288295981435255,78.56417910447762,17.644568694336428,2,67000,14951,0.7768507462686567,0.7856417910447762,0.07999464918734533,26306,0,0,0,0.17049871816413645,0.1764456869433643,2358658.847,402148.31,0,2,False,,3
4004,GOOD,60.379783477994096,80.02125398512221,14.549685628028488,2,20702,4249,0.7947541300357454,0.8002125398512221,0.056483878559661096,8283,0,0,0,0.1293640036434286,0.1454968562802849,677013.957,87581.236,0,2,False,,3
4007,GOOD,61.31459364160439,77.85411764705881,22.722370962210725,2,10625,2424,0.7718588235294117,0.7785411764705882,0.08003300330033003,4135,0,0,0,0.2759174611143057,0.22722370962210725,512186.367,141321.162,0,3,False,,3
5093,GOOD,61.37033443101042,76.3127187864644,26.50477093495116,2,20568,4983,0.7577304550758459,0.7631271878646441,0.07947019867549669,7848,0,0,0,0.31249974452415225,0.2650477093495116,1044130.012,326290.362,0,2,False,,3
2062,GOOD,61.53201411699317,80.66651374643641,16.88484831495897,2,61034,12114,0.80152046400367,0.8066651374643641,0.09559187716691431,24606,0,0,0,0.16933701025054163,0.1688484831495897,2438994.632,413012.059,0,3,False,,3
314,GOOD,61.64538046150688,74.97088983210006,30.552525263456147,2,106492,27901,0.7379990985238327,0.7497088983210006,0.10845489408981757,39876,0,0,0,0.29409459853818554,0.3055252526345615,2545512.358,748621.435,0,3,False,,3
2001,GOOD,61.6816736528396,77.77701878506953,24.125868344303104,2,204950,47769,0.7669236399121737,0.7777701878506953,0.09139818710879441,79662,0,0,0,0.24460980221774536,0.24125868344303103,4382130.852,1071912.161,0,3,False,,3
2057,GOOD,61.930535774160376,81.66728832525177,15.87811315494711,2,10724,2046,0.809212980231257,0.8166728832525177,0.093841642228739,4375,0,0,0,0.1780438890111781,0.1587811315494711,296310.344,52756.246,0,2,False,,3
3021,GOOD,62.034402016110676,77.58284600389864,25.754699377938778,2,513,121,0.7641325536062378,0.7758284600389863,0.11570247933884298,199,0,0,0,0.27421677710523856,0.2575469937793878,21295.247,5839.514,0,2,False,,3
6213,GOOD,62.30271268497783,84.49342614075793,10.524381288157581,2,15516,2529,0.8370069605568445,0.8449342614075793,0.09094503756425465,6545,0,0,0,0.13963711311272456,0.1052438128815758,587706.328,82065.615,0,2,False,,3
2098,GOOD,62.781853189057195,84.70352995462585,11.631274069397017,2,13003,2042,0.8429593170806737,0.8470352995462586,0.06953966699314397,5503,0,0,0,0.10833992339136855,0.11631274069397017,1165357.719,126254.766,0,2,False,,3
27,GOOD,62.8176525997378,76.5081970605072,30.873048857942532,2,144991,36578,0.7477222724169086,0.765081970605072,0.14074033572092515,55444,0,0,0,0.30798244443793865,0.3087304885794253,2324561.974,715924.279,0,1,False,,3
2080,GOOD,62.83845295031638,83.54998818246277,14.511537408641487,2,25386,4285,0.8312061766327897,0.8354998818246278,0.13908984830805135,10581,0,0,0,0.13736833334552787,0.14511537408641487,936076.131,128587.218,0,3,False,,3
2014,GOOD,62.85054498699424,84.09604823947453,13.277704064540233,2,9287,1532,0.8350382254764726,0.8409604823947453,0.10443864229765012,3905,0,0,0,0.1457145397037187,0.13277704064540233,417880.152,60891.214,0,2,False,,3
6209,GOOD,62.871308924815445,83.08433734939759,15.707575934123783,2,2075,353,0.8298795180722891,0.8308433734939759,0.09631728045325778,862,0,0,0,0.16685762387427888,0.15707575934123783,164299.463,27414.618,0,2,False,,3
6030,GOOD,62.93046593747616,82.9404844009899,16.240422855944118,2,24649,4361,0.8230759868554505,0.829404844009899,0.09218069250171979,10220,0,0,0,0.16978828785324562,0.16240422855944117,965008.4,163847.124,0,2,False,,3
5027,GOOD,62.98053290324181,83.91807197777347,14.126275062667956,2,30954,5060,0.8365316275764036,0.8391807197777347,0.05256916996047431,12978,0,0,0,0.15563417254100967,0.14126275062667956,1466422.716,228225.486,0,3,False,,3
6048,GOOD,63.25127857048399,77.78910630955649,29.329680512648164,2,51002,11781,0.7690090584682954,0.7778910630955649,0.09727527374586198,19803,0,0,0,0.2858258727535086,0.29329680512648165,638088.698,182382.259,0,3,False,,3
3020,GOOD,63.45615977763556,85.51793496480053,11.978684340917315,2,11932,1805,0.8487261146496815,0.8551793496480053,0.07091412742382272,5102,0,0,0,0.1778167150947124,0.11978684340917316,421455.165,74941.773,0,2,False,,3
2025,GOOD,63.92334620425483,83.45661942620117,18.34570868638004,2,14465,2512,0.8263394400276529,0.8345661942620117,0.1305732484076433,6035,0,0,0,0.22343250333498155,0.18345708686380038,650580.81,145360.899,0,3,False,,3
2072,GOOD,63.957976555788946,85.56953750612846,13.531001004996773,2,12238,1801,0.8528354306259193,0.8556953750612846,0.06885063853414769,5235,0,0,0,0.1382945953337457,0.13531001004996773,605277.985,83706.674,0,3,False,,3
2024,GOOD,64.39857626528179,82.07495656490444,23.15368889949565,2,20145,3712,0.8157359146190122,0.8207495656490444,0.07165948275862069,8266,0,0,0,0.2624393456706632,0.2315368889949565,819783.815,215143.528,0,2,False,,3
6047,GOOD,64.88628851015663,82.78472679394339,23.12326584798754,2,78988,14071,0.8218590165594774,0.8278472679394339,0.06083434013218677,32692,0,0,0,0.2477170928377968,0.2312326584798754,1678739.203,415852.395,0,3,False,,3
49,GOOD,64.91404082126424,78.08044511417643,34.19243080446912,2,51762,11804,0.7719562613500252,0.7808044511417642,0.12402575398170111,20047,0,0,0,0.3787041330310401,0.3419243080446912,1601879.259,606638.296,0,2,False,,3
6006,GOOD,65.08209157552614,78.7392832911861,33.21531090565289,2,48639,10595,0.7821706860749604,0.7873928329118609,0.03964134025483719,19148,0,0,0,0.32268020757567106,0.33215310905652895,717376.556,231483.216,0,1,False,,3
2059,GOOD,65.11286389847433,82.01914112574292,25.66488370151428,2,274592,24809,0.9096514100920639,0.8201914112574292,0.0,112515,0,0,0,0.24810964941203614,0.2566488370151428,4223537.978,1047900.527,0,2,False,,3
5018,GOOD,65.16032684291018,79.71243899221739,31.205398494526698,2,15162,3132,0.7934309457855164,0.7971243899221738,0.04533844189016603,6042,0,0,0,0.29460498199522367,0.312053984945267,298742.117,88010.916,0,2,False,,3
308,GOOD,65.29797386627047,84.53754300748835,20.405645870095412,2,39528,6303,0.8405434122647237,0.8453754300748836,0.08630810725051563,16698,0,0,0,0.21744950865009674,0.20405645870095412,1942145.391,422318.561,0,3,False,,3
5051,GOOD,65.34446104258325,84.32183804380912,21.063914706389543,2,88703,14601,0.8353945187874142,0.8432183804380912,0.10245873570303404,37386,0,0,0,0.20386387130072486,0.21063914706389542,2426632.222,494702.639,0,2,False,,3
343,GOOD,65.36631996143439,81.9846426461902,26.5902336970042,2,3386,627,0.8148257531010041,0.819846426461902,0.10207336523125997,1385,0,0,0,0.2882971124252166,0.265902336970042,248828.153,71736.438,0,3,False,,3
3019,GOOD,65.39926724303128,84.04540900763274,21.891603125627856,2,180669,29192,0.8384227509976808,0.8404540900763274,0.023020005480953686,75915,0,0,0,0.23344363084891454,0.21891603125627856,1914120.781,446839.305,0,3,False,,3
2015,GOOD,65.57689717006456,85.81719945970285,18.34952516090855,2,13326,1979,0.8514933213267297,0.8581719945970284,0.07781707933299646,5716,0,0,0,0.17756455014470474,0.1834952516090855,313127.958,55600.425,0,2,False,,3
30,GOOD,65.83103845075001,84.20552759046444,22.95723045808302,2,31587,5167,0.8364200462215469,0.8420552759046444,0.13353977162763692,13260,0,0,0,0.2597758831996462,0.22957230458083022,579929.75,150651.763,0,2,False,,3
2035,GOOD,66.34059752514538,77.78925969845841,39.62705245408165,2,118060,27014,0.7711841436557683,0.7778925969845841,0.08610350188790997,45892,0,0,0,0.3892665107701835,0.39627052454081646,4570587.602,1779176.688,0,2,False,,3
4009,GOOD,66.59158283835905,81.77004877030231,31.17516233049143,2,67049,12984,0.8063505794269863,0.8177004877030232,0.12292051756007394,27399,0,0,0,0.3033249433131572,0.3117516233049143,1853002.298,562061.817,0,2,False,,3
5043,GOOD,67.05406463631378,84.78938373378908,25.671653408871425,2,59682,9432,0.8419624007238363,0.8478938373378908,0.1681509754028838,25292,0,0,0,0.3278822343251832,0.25671653408871425,1328067.115,435449.613,0,2,False,,3
304,GOOD,67.26327139207345,89.45033967772724,15.49344539221461,2,17811,1912,0.8926506091741059,0.8945033967772724,0.038702928870292884,7956,0,0,0,0.17727648248419905,0.1549344539221461,1655596.145,293498.261,0,3,False,,3
2026,GOOD,67.29449179747326,82.5686889175733,31.65469851723986,2,108460,19988,0.8157108611469666,0.825686889175733,0.12847708625175105,44766,0,0,0,0.3383540167602402,0.3165469851723986,3224844.234,1091139.0,0,2,False,,3
5032,GOOD,67.38918252928167,80.95855659078758,35.727309719101214,2,175806,34482,0.8038633493737415,0.8095855659078758,0.06298938576648687,71147,0,0,0,0.3645351827295102,0.35727309719101213,2136936.035,778988.368,0,2,False,,3
74,GOOD,67.51003733240245,85.65421543205551,25.173621766545338,2,14269,2086,0.8538089564790805,0.856542154320555,0.07094918504314478,6111,0,0,0,0.22221828519717562,0.2517362176654534,906550.268,201452.046,0,2,False,,3
312,GOOD,67.59560267621937,82.70111183780249,32.34941463252543,2,6116,1097,0.8206344015696534,0.8270111183780249,0.10027347310847767,2529,0,0,0,0.2697402036379075,0.3234941463252543,179421.604,48397.22,0,3,False,,3
25,GOOD,67.71011089277505,81.45538338231366,35.63780841718496,2,59888,11516,0.8077077210793482,0.8145538338231365,0.13789510246613407,24381,0,0,0,0.3534099582262693,0.3563780841718496,1830856.109,647042.781,0,2,False,,3
6063,GOOD,67.74659410119551,84.3333434090016,29.044179049647983,2,33083,5454,0.8351419157875646,0.843333434090016,0.11697836450311698,13949,0,0,0,0.2871943829115629,0.29044179049647983,1063512.684,305434.869,0,3,False,,3
319,GOOD,67.99607792019339,83.88590101436449,30.919824033794157,2,14689,2499,0.8298726938525427,0.838859010143645,0.14165666266506602,6160,0,0,0,0.2825779334966586,0.3091982403379416,390191.462,110259.497,0,3,False,,3
2020,GOOD,68.15568848401125,85.34349759506308,28.05080055822365,2,11019,1659,0.849441873128233,0.8534349759506308,0.08318264014466546,4702,0,0,0,0.25058265595444684,0.2805080055822365,544702.663,136493.04,0,3,False,,3
3024,GOOD,69.63151286548556,80.40163858687282,44.501219515581965,2,32467,6680,0.7942526257430622,0.8040163858687283,0.1467065868263473,13050,0,0,0,0.27818732891438547,0.4450121951558197,1843989.782,512974.592,0,2,False,,3
14,GOOD,69.8323004436262,83.41989793891094,38.127906287961835,2,176169,30924,0.8244640089913662,0.8341989793891094,0.16912430474712198,73401,0,0,0,0.37510066708593515,0.3812790628796184,3194395.636,1198219.934,0,2,False,,3
6066,GOOD,70.17015909252555,80.5429664183229,45.966941998998394,2,45233,9104,0.7987310149669489,0.805429664183229,0.1256590509666081,18196,0,0,0,0.5084632241238749,0.45966941998998395,1034411.93,525960.425,0,2,False,,3
6056,GOOD,70.4539207113878,85.29208841689737,35.831529398532155,2,114503,17847,0.8441350881636289,0.8529208841689737,0.09413346780971592,48541,0,0,0,0.3701476361858274,0.3583152939853215,1372034.565,507855.351,0,2,False,,3
2089,GOOD,70.86801738232313,81.87001140250855,45.196698001890496,2,14032,2639,0.811929874572406,0.8187001140250855,0.19477074649488443,5743,0,0,0,0.46968319252606583,0.45196698001890495,749888.969,352210.245,0,2,False,,3
6059,GOOD,71.38542907923866,85.4510210042752,38.56571458748677,2,37659,5625,0.8506333147454792,0.8545102100427521,0.04515555555555555,16089,0,0,0,0.36258306833976967,0.38565714587486766,395960.875,143568.709,0,2,False,,3
4011,GOOD,71.41702591095617,82.29280895117373,46.04019881711523,2,107606,20119,0.8130308718844674,0.8229280895117372,0.19494010636711567,44274,0,0,0,0.46308590099692004,0.46040198817115235,2896716.184,1341428.424,0,2,False,,3
305,GOOD,71.4190074351358,84.32147562582345,41.31324832353129,2,19734,3215,0.8370832066484241,0.8432147562582345,0.08833592534992224,8318,0,0,0,0.37174547386997436,0.4131324832353129,528285.972,196387.919,0,2,False,,3
5042,GOOD,72.70953264345603,93.48344703469635,24.237065730561945,2,95572,6398,0.9330557066923366,0.9348344703469635,0.07033447952485151,44652,0,0,0,0.23935240465680663,0.24237065730561944,770511.532,184423.788,0,2,False,,3
3030,GOOD,73.27222836822608,93.73875621715052,25.516996720735737,2,28349,1869,0.9340717485625595,0.9373875621715052,0.1776350989834136,13287,0,0,0,0.26006305882192043,0.25516996720735735,465614.788,121089.206,0,2,False,,3
256,GOOD,73.75230743133727,88.10606439147887,40.260207857673564,2,60039,7447,0.8759639567614383,0.8810606439147887,0.1020545185980932,26447,0,0,0,0.3003638480459931,0.40260207857673563,2545360.928,764534.403,0,2,False,,3
2034,GOOD,73.9353000157862,86.93541619243776,43.60169560359924,2,364627,50930,0.8603230150263146,0.8693541619243775,0.11498134694678971,158437,0,0,0,0.4320520007649741,0.4360169560359924,3311129.136,1430579.968,0,2,False,,3
140,GOOD,74.20817841253714,87.16796309321857,43.96868082428049,2,386704,53087,0.86271928917208,0.8716796309321858,0.11311241582910406,168480,0,0,0,0.43436768716026236,0.43968680824280487,3431409.808,1490493.542,0,2,False,,3
1,GOOD,75.49367784297998,84.96912393404058,53.38430363050524,2,44209,7046,0.8406206880951842,0.8496912393404058,0.1933011637808686,18777,0,0,0,0.43212752459076176,0.5338430363050524,939199.25,405853.847,0,1,False,,3
6031,GOOD,75.61575835395709,89.82772897757715,42.4544935655103,2,61589,6592,0.892967900112033,0.8982772897757716,0.11407766990291263,27645,0,0,0,0.4536512442756729,0.424544935655103,1335509.153,605855.389,0,2,False,,3
